<?xml version="1.0"?>
<metadata xml:lang="en"><Esri><CreaDate>20141224</CreaDate><CreaTime>06200200</CreaTime><ArcGISFormat>1.0</ArcGISFormat><SyncOnce>TRUE</SyncOnce><ModDate>20200922</ModDate><ModTime>134108</ModTime><scaleRange><minScale>150000000</minScale><maxScale>5000</maxScale></scaleRange><ArcGISProfile>ItemDescription</ArcGISProfile></Esri><toolbox name="USGS Stream Channel Metric Toolbox" alias=""><arcToolboxHelpPath>c:\users\admin\appdata\local\programs\arcgis\pro\Resources\Help\gp</arcToolboxHelpPath><toolsets/></toolbox><dataIdInfo><idCitation><resTitle>USGS Stream Channel Metric Toolbox</resTitle></idCitation><idAbs>&lt;DIV STYLE="text-align:Left;"&gt;&lt;DIV&gt;&lt;DIV&gt;&lt;P&gt;&lt;SPAN&gt;version 1.3, Submission Date: 28May2015&lt;/SPAN&gt;&lt;/P&gt;&lt;/DIV&gt;&lt;/DIV&gt;&lt;/DIV&gt;</idAbs><idCredit>Sam Lamont (sam.lamont@gmail.com), Peter Claggett USGS-Annapolis</idCredit></dataIdInfo><distInfo><distributor><distorFormat><formatName>ArcToolbox Toolbox</formatName></distorFormat></distributor></distInfo><mdHrLv><ScopeCd value="005"/></mdHrLv></metadata>
