<metadata xml:lang="en"><Esri><CreaDate>20150209</CreaDate><CreaTime>12573600</CreaTime><ArcGISFormat>1.0</ArcGISFormat><SyncOnce>TRUE</SyncOnce><ModDate>20150506</ModDate><ModTime>14143600</ModTime><scaleRange><minScale>150000000</minScale><maxScale>5000</maxScale></scaleRange><ArcGISProfile>ItemDescription</ArcGISProfile></Esri><dataIdInfo><idCitation><resTitle>1. TauDEM Post-Processor</resTitle></idCitation><idAbs>&lt;DIV STYLE="text-align:Left;"&gt;&lt;DIV&gt;&lt;DIV&gt;&lt;P&gt;&lt;SPAN&gt;This tool prepares the output of TauDEM processing for the 'Bank Detection and Floodplain Analysis' tool. &lt;/SPAN&gt;&lt;/P&gt;&lt;/DIV&gt;&lt;/DIV&gt;&lt;/DIV&gt;</idAbs><idCredit>Coded by Sam Lamont (sam.lamont@gmail.com) for Peter Claggett, Research Geographer, USGS-Annapolis, MD, (c) 2015</idCredit></dataIdInfo><distInfo><distributor><distorFormat><formatName>ArcToolbox Tool</formatName></distorFormat></distributor></distInfo><tool name="PostProcessingTool" displayname="1. TauDEM Post-Processor" toolboxalias="" xmlns=""><parameters><param name="dem_grid" displayname="DEM (fel.tif)" type="Required" direction="Input" datatype="Raster Layer" expression="dem_grid"><dialogReference>&lt;DIV STYLE="text-align:Left;"&gt;&lt;DIV&gt;&lt;DIV&gt;&lt;P&gt;&lt;SPAN&gt;The input digital elevation model (DEM)&lt;/SPAN&gt;&lt;/P&gt;&lt;/DIV&gt;&lt;/DIV&gt;&lt;/DIV&gt;</dialogReference></param><param name="p_grid" displayname="D8 FDR (p.tif)" type="Required" direction="Input" datatype="Raster Layer" expression="p_grid"><dialogReference>&lt;DIV STYLE="text-align:Left;"&gt;&lt;DIV&gt;&lt;P&gt;&lt;SPAN&gt;The D8 flow direction grid resulting from TauDEM analysis ("...p.tif")&lt;/SPAN&gt;&lt;/P&gt;&lt;P&gt;&lt;SPAN /&gt;&lt;/P&gt;&lt;/DIV&gt;&lt;/DIV&gt;</dialogReference></param><param name="w_grid" displayname="Catchment grid (w.tif)" type="Required" direction="Input" datatype="Raster Layer" expression="w_grid"><dialogReference>&lt;DIV STYLE="text-align:Left;"&gt;&lt;DIV&gt;&lt;P&gt;&lt;SPAN&gt;The catchment grid resulting from TauDEM analysis ("...w.tif")&lt;/SPAN&gt;&lt;/P&gt;&lt;P&gt;&lt;SPAN /&gt;&lt;/P&gt;&lt;/DIV&gt;&lt;/DIV&gt;</dialogReference></param><param name="net_shp" displayname="Streamlines (net.shp)" type="Required" direction="Input" datatype="Feature Layer" expression="net_shp"><dialogReference>&lt;DIV STYLE="text-align:Left;"&gt;&lt;DIV&gt;&lt;P&gt;&lt;SPAN&gt;The streamline shapefile resulting from TauDEM analysis ("...net.shp")&lt;/SPAN&gt;&lt;/P&gt;&lt;P&gt;&lt;SPAN /&gt;&lt;/P&gt;&lt;/DIV&gt;&lt;/DIV&gt;</dialogReference></param></parameters><summary>&lt;DIV STYLE="text-align:Left;"&gt;&lt;DIV&gt;&lt;DIV&gt;&lt;P&gt;&lt;SPAN&gt;This tool prepares the output of TauDEM processing for the 'Bank Detection and Floodplain Analysis' tool. &lt;/SPAN&gt;&lt;/P&gt;&lt;/DIV&gt;&lt;/DIV&gt;&lt;/DIV&gt;</summary><arcToolboxHelpPath>c:\program files (x86)\arcgis\desktop10.2\Help\gp</arcToolboxHelpPath></tool><mdHrLv><ScopeCd value="005"/></mdHrLv></metadata>
