<metadata xml:lang="en"><Esri><CreaDate>20150101</CreaDate><CreaTime>08172900</CreaTime><ArcGISFormat>1.0</ArcGISFormat><SyncOnce>TRUE</SyncOnce><ModDate>20150506</ModDate><ModTime>13235000</ModTime><scaleRange><minScale>150000000</minScale><maxScale>5000</maxScale></scaleRange><ArcGISProfile>ItemDescription</ArcGISProfile></Esri><tool name="USGS_Tool" displayname="2. Bank Detection and Floodplain Analysis" toolboxalias="" xmlns=""><arcToolboxHelpPath>c:\program files (x86)\arcgis\desktop10.2\Help\gp</arcToolboxHelpPath><parameters><param name="dem_grid" displayname="DEM grid" type="Required" direction="Input" datatype="Raster Layer" expression="dem_grid"><dialogReference>&lt;DIV STYLE="text-align:Left;"&gt;&lt;DIV&gt;&lt;P&gt;&lt;SPAN&gt;Formatted DEM resulting from the TauDEM Post-Processor tool&lt;/SPAN&gt;&lt;/P&gt;&lt;/DIV&gt;&lt;/DIV&gt;</dialogReference></param><param name="fdr_grid" displayname="D8 Flow Direction grid" type="Required" direction="Input" datatype="Raster Layer" expression="fdr_grid"><dialogReference>&lt;DIV STYLE="text-align:Left;"&gt;&lt;DIV&gt;&lt;P&gt;&lt;SPAN&gt;Formatted flow direction grid resulting from the TauDEM Post-Processor tool&lt;/SPAN&gt;&lt;/P&gt;&lt;/DIV&gt;&lt;/DIV&gt;</dialogReference></param><param name="stpt_grid" displayname="Channel Initiation Points grid" type="Required" direction="Input" datatype="Raster Layer" expression="stpt_grid"><dialogReference>&lt;DIV STYLE="text-align:Left;"&gt;&lt;DIV&gt;&lt;P&gt;&lt;SPAN&gt;Formatted channel initiation points grid resulting from the TauDEM Post-Processor tool&lt;/SPAN&gt;&lt;/P&gt;&lt;/DIV&gt;&lt;/DIV&gt;</dialogReference></param><param name="w_grid" displayname="Catchment grid" type="Required" direction="Input" datatype="Raster Layer" expression="w_grid"><dialogReference>&lt;DIV STYLE="text-align:Left;"&gt;&lt;DIV&gt;&lt;P&gt;&lt;SPAN&gt;Formatted catchment grid resulting from the TauDEM Post-Processor tool&lt;/SPAN&gt;&lt;/P&gt;&lt;/DIV&gt;&lt;/DIV&gt;</dialogReference></param><param name="net_shp" displayname="Stream lines" type="Required" direction="Input" datatype="Feature Layer" expression="net_shp"><dialogReference>&lt;DIV STYLE="text-align:Left;"&gt;&lt;DIV&gt;&lt;DIV&gt;&lt;P&gt;&lt;SPAN&gt;Streamlines shapefile resulting from TauDEM analysis or similar algorithm.  This is used to ensure connectivity between the resulting calculated floodplain grid and streamlines.&lt;/SPAN&gt;&lt;/P&gt;&lt;/DIV&gt;&lt;/DIV&gt;&lt;/DIV&gt;</dialogReference></param><param name="xn_gap" displayname="Spacing between cross sections (m)" type="Required" direction="Input" datatype="Long" expression="xn_gap"><dialogReference>&lt;DIV STYLE="text-align:Left;"&gt;&lt;DIV&gt;&lt;P&gt;&lt;SPAN&gt;Distance between cross sections (m)&lt;/SPAN&gt;&lt;/P&gt;&lt;/DIV&gt;&lt;/DIV&gt;</dialogReference></param><param name="xn_fit" displayname="Channel cross section linear fit length (m)" type="Required" direction="Input" datatype="Long" expression="xn_fit"><dialogReference>&lt;DIV STYLE="text-align:Left;"&gt;&lt;DIV&gt;&lt;DIV&gt;&lt;P&gt;&lt;SPAN&gt;Length of stream segment for determining channel cross section angle of intersection (m)&lt;/SPAN&gt;&lt;/P&gt;&lt;/DIV&gt;&lt;/DIV&gt;&lt;/DIV&gt;</dialogReference></param><param name="xn_length" displayname="Channel cross section length (m)" type="Required" direction="Input" datatype="Long" expression="xn_length"><dialogReference>&lt;DIV STYLE="text-align:Left;"&gt;&lt;DIV&gt;&lt;DIV&gt;&lt;P&gt;&lt;SPAN&gt;A guide for setting this parameter is the greatest expected stream channel width within the watershed, at a minimum. The stream channel cross sections are used to find the bank points from the slope break analysis.&lt;/SPAN&gt;&lt;/P&gt;&lt;/DIV&gt;&lt;/DIV&gt;&lt;/DIV&gt;</dialogReference></param><param name="xn_ptdist" displayname="Point spacing along cross sections (m)" type="Required" direction="Input" datatype="Double" expression="xn_ptdist"><dialogReference>&lt;DIV STYLE="text-align:Left;"&gt;&lt;DIV&gt;&lt;P&gt;&lt;SPAN&gt;Point spacing along the length of the cross sections (m)&lt;/SPAN&gt;&lt;/P&gt;&lt;/DIV&gt;&lt;/DIV&gt;</dialogReference></param><param name="slpratio" displayname="Bank detection channel width slope break ratio" type="Required" direction="Input" datatype="Double" expression="slpratio"><dialogReference>&lt;DIV STYLE="text-align:Left;"&gt;&lt;DIV&gt;&lt;P&gt;&lt;SPAN&gt;Slope ratio parameter&lt;/SPAN&gt;&lt;/P&gt;&lt;/DIV&gt;&lt;/DIV&gt;</dialogReference></param><param name="slpbrk" displayname="Bank detection slope break between points (percent)" type="Required" direction="Input" datatype="Double" expression="slpbrk"><dialogReference>&lt;DIV STYLE="text-align:Left;"&gt;&lt;DIV&gt;&lt;P&gt;&lt;SPAN&gt;Slope break parameter&lt;/SPAN&gt;&lt;/P&gt;&lt;/DIV&gt;&lt;/DIV&gt;</dialogReference></param><param name="fpxn_length" displayname="Valley bottom cross section length (m)" type="Required" direction="Input" datatype="Long" expression="fpxn_length"><dialogReference>&lt;DIV STYLE="text-align:Left;"&gt;&lt;DIV&gt;&lt;DIV&gt;&lt;P&gt;&lt;SPAN&gt;Length of the 'valley' cross sections (m).  These cross sections are used to measure "floodplain" width and other characteristics.&lt;/SPAN&gt;&lt;/P&gt;&lt;/DIV&gt;&lt;/DIV&gt;&lt;/DIV&gt;</dialogReference></param><param name="xn_fit_valley" displayname="Valley cross section linear fit length (m)" type="Required" direction="Input" datatype="Long" expression="xn_fit_valley"><dialogReference>&lt;DIV STYLE="text-align:Left;"&gt;&lt;DIV&gt;&lt;P&gt;&lt;SPAN&gt;Length of stream segment for determining valley cross section angle of intersection (m)&lt;/SPAN&gt;&lt;/P&gt;&lt;/DIV&gt;&lt;/DIV&gt;</dialogReference></param><param name="radius" displayname="Floodplain detrending parameter: Search radius (m)" type="Required" direction="Input" datatype="Long" expression="radius"><dialogReference>&lt;DIV STYLE="text-align:Left;"&gt;&lt;DIV&gt;&lt;P&gt;&lt;SPAN&gt;Kernel density window radius (m)&lt;/SPAN&gt;&lt;/P&gt;&lt;/DIV&gt;&lt;/DIV&gt;</dialogReference></param><param name="height" displayname="Floodplain detrending parameter: Height threshold (m)" type="Required" direction="Input" datatype="Double" expression="height"><dialogReference>&lt;DIV STYLE="text-align:Left;"&gt;&lt;DIV&gt;&lt;P&gt;&lt;SPAN&gt;Threshold height above channel banks to determine flooding extent (m)&lt;/SPAN&gt;&lt;/P&gt;&lt;/DIV&gt;&lt;/DIV&gt;</dialogReference></param><param name="bf_shp" displayname="Output channel bank slope break points shapefile" type="Required" direction="Output" datatype="Shapefile" expression="bf_shp"><dialogReference>&lt;DIV STYLE="text-align:Left;"&gt;&lt;DIV&gt;&lt;P&gt;&lt;SPAN&gt;Name of output bank points shapefile&lt;/SPAN&gt;&lt;/P&gt;&lt;/DIV&gt;&lt;/DIV&gt;</dialogReference></param><param name="xn_shp" displayname="Output stream channel cross sections" type="Required" direction="Output" datatype="Shapefile" expression="xn_shp"><dialogReference>&lt;DIV STYLE="text-align:Left;"&gt;&lt;DIV&gt;&lt;P&gt;&lt;SPAN&gt;Name of output channel cross section shapefile&lt;/SPAN&gt;&lt;/P&gt;&lt;/DIV&gt;&lt;/DIV&gt;</dialogReference></param><param name="fpxn_shp" displayname="Output valley bottom cross sections" type="Required" direction="Output" datatype="Shapefile" expression="fpxn_shp"><dialogReference>&lt;DIV STYLE="text-align:Left;"&gt;&lt;DIV&gt;&lt;P&gt;&lt;SPAN&gt;Name of output valley cross section shapefile&lt;/SPAN&gt;&lt;/P&gt;&lt;/DIV&gt;&lt;/DIV&gt;</dialogReference></param><param name="fp_grid" displayname="Output floodplain extent grid" type="Required" direction="Output" datatype="Raster Layer" expression="fp_grid"><dialogReference>&lt;DIV STYLE="text-align:Left;"&gt;&lt;DIV&gt;&lt;P&gt;&lt;SPAN&gt;Name of output floodplain extent grid (.tif)&lt;/SPAN&gt;&lt;/P&gt;&lt;/DIV&gt;&lt;/DIV&gt;</dialogReference></param></parameters><summary>&lt;DIV STYLE="text-align:Left;"&gt;&lt;DIV&gt;&lt;DIV&gt;&lt;P&gt;&lt;SPAN&gt;This tool detects stream channel banks based on slope break analysis, calculates floodplain extent using DEM detrending methodology based on the Riparian Topography Toolbox (Thomas Dilts, 2010) and calculates a suite of metrics relating to sediment supply and deposition on the watershed scale. &lt;/SPAN&gt;&lt;/P&gt;&lt;/DIV&gt;&lt;/DIV&gt;&lt;/DIV&gt;</summary></tool><dataIdInfo><idCitation><resTitle>2. Bank Detection and Floodplain Analysis</resTitle></idCitation><idCredit>Coded by Sam Lamont (sam.lamont@gmail.com) for Peter Claggett, Research Geographer, USGS-Annapolis, MD. (c) 2015
</idCredit><idAbs>&lt;DIV STYLE="text-align:Left;"&gt;&lt;DIV&gt;&lt;DIV&gt;&lt;P&gt;&lt;SPAN&gt;This tool detects stream channel banks based on slope break analysis, calculates floodplain extent using DEM detrending methodology based on the Riparian Topography Toolbox (Thomas Dilts, 2010) and calculates a suite of metrics relating to sediment supply and deposition on the watershed scale. &lt;/SPAN&gt;&lt;/P&gt;&lt;/DIV&gt;&lt;/DIV&gt;&lt;/DIV&gt;</idAbs></dataIdInfo><distInfo><distributor><distorFormat><formatName>ArcToolbox Tool</formatName></distorFormat></distributor></distInfo><mdHrLv><ScopeCd value="005"/></mdHrLv></metadata>
